d1.jpg	Digital
d2.jpg	Digital
d3.jpg	Digital
d4.jpg	Digital
d5.jpg	Digital
d6.jpg	Digital
d7.jpg	Digital
d8.jpg	Digital
d9.jpg	Digital
d10.jpg	Digital
d11.jpg	Digital
d12.jpg	Digital
d13.jpg	Digital
d14.jpg	Digital
d15.jpg	Digital
d16.jpg	Digital
d17.jpg	Digital
d18.jpg	Digital
d19.jpg	Digital
d20.jpg	Digital
t1.jpg	Traditional
t2.jpg	Traditional
t3.jpg	Traditional
t4.jpg	Traditional
t5.jpg	Traditional
t6.jpg	Traditional
t7.jpg	Traditional
t8.jpg	Traditional
t9.jpg	Traditional
t10.jpg	Traditional
t11.jpg	Traditional
t12.jpg	Traditional
t13.jpg	Traditional
t14.jpg	Traditional
t15.jpg	Traditional
t16.jpg	Traditional
t17.jpg	Traditional
t18.jpg	Traditional
t19.jpg	Traditional
t20.jpg	Traditional
p1.jpg	Photography
p2.jpg	Photography
p3.jpg	Photography
p4.jpg	Photography
p5.jpg	Photography
p6.jpg	Photography
p7.jpg	Photography
p8.jpg	Photography
p9.jpg	Photography
p10.jpg	Photography
p11.jpg	Photography
p12.jpg	Photography
p13.jpg	Photography
p14.jpg	Photography
p15.jpg	Photography
p16.jpg	Photography
p17.jpg	Photography
p18.jpg	Photography
p19.jpg	Photography
p20.jpg	Photography
